{"config_principais":{"cargo_staff":"none","channel_logs":"none","channel_avaliation":"none","category_ticket":"none"},"config_dentro":{"thumbnail":"https://cdn.discordapp.com/attachments/1217197839034351736/1217478781904748584/souzz.png?ex=66042c79&is=65f1b779&hm=a7818bb8b1ef383f45cda11aa182b7032a9330fdc9b088c02c40670ecfd9914a&","texto":"# 📋 **| Informações:**\n __*Seja Bem Vindo(a) a seu Ticket! Espere até que um **STAFF** lhe atenda, Evite de Marcar varias vezes para evitar punições!*__ \n\n# **Área Do Membro:**\n\n\n **Usuario:** {user}\n\n **Motivo do Ticket:** ``{motivo}``\n\n# **Área Staff:**\n\n\n **Staff: {assumido}** \n\n  **Codigo Ticket: {codigo}**"}}