{
  "851160592633954344": [
    {
      "dono_ticket": "851160592633954344",
      "fechou_ticket": "851160592633954344",
      "assumido": "Ninguem Assumiu",
      "motivo": "teste",
      "codigo": "4D2943"
    },
    {
      "dono_ticket": "851160592633954344",
      "fechou_ticket": "851160592633954344",
      "assumido": "Ninguem Assumiu",
      "motivo": "e",
      "codigo": "C927A4"
    }
  ],
  "1048341018673696910": [
    {
      "dono_ticket": "1048341018673696910",
      "fechou_ticket": "851160592633954344",
      "assumido": "851160592633954344",
      "motivo": "quero o bot",
      "codigo": "1CE339"
    },
    {
      "dono_ticket": "1048341018673696910",
      "fechou_ticket": "851160592633954344",
      "assumido": "851160592633954344",
      "motivo": "recompensa",
      "codigo": "B0BAA1"
    }
  ],
  "924462610995372043": [
    {
      "dono_ticket": "924462610995372043",
      "fechou_ticket": "851160592633954344",
      "assumido": "851160592633954344",
      "motivo": "Acesso",
      "codigo": "1BABCF"
    }
  ],
  "973717596283215962": [
    {
      "dono_ticket": "973717596283215962",
      "fechou_ticket": "973717596283215962",
      "assumido": "851160592633954344",
      "motivo": "eu tenho o gerador premium",
      "codigo": "3EEC7A"
    }
  ],
  "489747656470429714": [
    {
      "dono_ticket": "489747656470429714",
      "fechou_ticket": "973717596283215962",
      "assumido": "973717596283215962",
      "motivo": "gerador premium",
      "codigo": "DC1400"
    }
  ],
  "1040023311922515988": [
    {
      "dono_ticket": "1040023311922515988",
      "fechou_ticket": "851160592633954344",
      "assumido": "851160592633954344",
      "motivo": "Acesso aos geradores",
      "codigo": "6EA191"
    }
  ],
  "1196602437272862721": [
    {
      "dono_ticket": "1196602437272862721",
      "fechou_ticket": "851160592633954344",
      "assumido": "851160592633954344",
      "motivo": "rgr",
      "codigo": "44206A"
    }
  ],
  "968648404118929468": [
    {
      "dono_ticket": "968648404118929468",
      "fechou_ticket": "851160592633954344",
      "assumido": "851160592633954344",
      "motivo": "meu acesso ao gen Premium",
      "codigo": "3BF9FB"
    },
    {
      "dono_ticket": "968648404118929468",
      "fechou_ticket": "973717596283215962",
      "assumido": "973717596283215962",
      "motivo": "nitro gif",
      "codigo": "6B6B3C"
    }
  ],
  "1120045121581359105": [
    {
      "dono_ticket": "1120045121581359105",
      "fechou_ticket": "851160592633954344",
      "assumido": "851160592633954344",
      "motivo": "nitro",
      "codigo": "EB6BD3"
    },
    {
      "dono_ticket": "1120045121581359105",
      "fechou_ticket": "851160592633954344",
      "assumido": "973717596283215962",
      "motivo": "SABER MAIS SOBRE BOOSTER",
      "codigo": "EAEA1E"
    }
  ],
  "940324800038047784": [
    {
      "dono_ticket": "940324800038047784",
      "fechou_ticket": "851160592633954344",
      "assumido": "851160592633954344",
      "motivo": "wd",
      "codigo": "C6FCCF"
    }
  ],
  "398938912002670592": [
    {
      "dono_ticket": "398938912002670592",
      "fechou_ticket": "851160592633954344",
      "assumido": "851160592633954344",
      "motivo": "BOT NITRO",
      "codigo": "3D04FF"
    }
  ],
  "1162086045530206269": [
    {
      "dono_ticket": "1162086045530206269",
      "fechou_ticket": "851160592633954344",
      "assumido": "851160592633954344",
      "motivo": "drop",
      "codigo": "63BE6C"
    }
  ],
  "951596727704633364": [
    {
      "dono_ticket": "951596727704633364",
      "fechou_ticket": "851160592633954344",
      "assumido": "851160592633954344",
      "motivo": "gen premium",
      "codigo": "5FBCA1"
    }
  ],
  "963906087248093206": [
    {
      "dono_ticket": "963906087248093206",
      "fechou_ticket": "851160592633954344",
      "assumido": "851160592633954344",
      "motivo": "Gens etc..",
      "codigo": "64620B"
    }
  ],
  "755203982300938302": [
    {
      "dono_ticket": "755203982300938302",
      "fechou_ticket": "851160592633954344",
      "assumido": "851160592633954344",
      "motivo": "ganhei sorteio",
      "codigo": "A8B760"
    }
  ],
  "1065627575092781206": [
    {
      "dono_ticket": "1065627575092781206",
      "fechou_ticket": "973717596283215962",
      "assumido": "851160592633954344",
      "motivo": "opa mano uma dúvida se eu paga-se para vcs dar nitro gift Basic vcs dariam?",
      "codigo": "8B0FAC"
    }
  ],
  "1087653161126334527": [
    {
      "dono_ticket": "1087653161126334527",
      "fechou_ticket": "973717596283215962",
      "assumido": "851160592633954344",
      "motivo": "bot vendas",
      "codigo": "49A270"
    },
    {
      "dono_ticket": "1087653161126334527",
      "fechou_ticket": "851160592633954344",
      "assumido": "973717596283215962",
      "motivo": "esse ticket e vazado né não?",
      "codigo": "2BCC35"
    }
  ],
  "684855755408670852": [
    {
      "dono_ticket": "684855755408670852",
      "fechou_ticket": "973717596283215962",
      "assumido": "851160592633954344",
      "motivo": "valor",
      "codigo": "03C62C"
    },
    {
      "dono_ticket": "684855755408670852",
      "fechou_ticket": "851160592633954344",
      "assumido": "973717596283215962",
      "motivo": "duvidas",
      "codigo": "DABE05"
    }
  ],
  "1139490339770605639": [
    {
      "dono_ticket": "1139490339770605639",
      "fechou_ticket": "973717596283215962",
      "assumido": "851160592633954344",
      "motivo": "ganhei 1 dia grátis no gerador Premium",
      "codigo": "3B2FB9"
    },
    {
      "dono_ticket": "1139490339770605639",
      "fechou_ticket": "851160592633954344",
      "assumido": "851160592633954344",
      "motivo": "quero o bot de nitro",
      "codigo": "B90BEB"
    }
  ],
  "851288187175436308": [
    {
      "dono_ticket": "851288187175436308",
      "fechou_ticket": "973717596283215962",
      "assumido": "851160592633954344",
      "motivo": "eu tinha acesso ao gen mt e ao gen Premium",
      "codigo": "CDC3ED"
    },
    {
      "dono_ticket": "851288187175436308",
      "fechou_ticket": "851160592633954344",
      "assumido": "851160592633954344",
      "motivo": "robux?",
      "codigo": "EEB23C"
    }
  ],
  "1150455871948718090": [
    {
      "dono_ticket": "1150455871948718090",
      "fechou_ticket": "973717596283215962",
      "assumido": "851160592633954344",
      "motivo": "eu",
      "codigo": "C9BFE3"
    },
    {
      "dono_ticket": "1150455871948718090",
      "fechou_ticket": "851160592633954344",
      "assumido": "851160592633954344",
      "motivo": "eu",
      "codigo": "9823ED"
    }
  ],
  "611205578504667136": [
    {
      "dono_ticket": "611205578504667136",
      "fechou_ticket": "924462610995372043",
      "assumido": "Ninguem Assumiu",
      "motivo": "source",
      "codigo": "B48FA2"
    }
  ],
  "1200484523603922944": [
    {
      "dono_ticket": "1200484523603922944",
      "fechou_ticket": "851160592633954344",
      "assumido": "851160592633954344",
      "motivo": "parceria",
      "codigo": "3068F2"
    }
  ],
  "1172699432668647553": [
    {
      "dono_ticket": "1172699432668647553",
      "fechou_ticket": "851160592633954344",
      "assumido": "851160592633954344",
      "motivo": "parceria",
      "codigo": "CAB9D0"
    }
  ],
  "882814632488747078": [
    {
      "dono_ticket": "882814632488747078",
      "fechou_ticket": "851160592633954344",
      "assumido": "851160592633954344",
      "motivo": ".",
      "codigo": "D34F4C"
    }
  ],
  "1168679542152507473": [
    {
      "dono_ticket": "1168679542152507473",
      "fechou_ticket": "851160592633954344",
      "assumido": "851160592633954344",
      "motivo": "ganhei 1 dia",
      "codigo": "C6CA10"
    }
  ],
  "1192622432440299635": [
    {
      "dono_ticket": "1192622432440299635",
      "fechou_ticket": "851160592633954344",
      "assumido": "Ninguem Assumiu",
      "motivo": "...",
      "codigo": "9E37D5"
    }
  ],
  "1046472596750868631": [
    {
      "dono_ticket": "1046472596750868631",
      "fechou_ticket": "851160592633954344",
      "assumido": "851160592633954344",
      "motivo": "Parceria",
      "codigo": "B6055C"
    }
  ],
  "1191382820350873610": [
    {
      "dono_ticket": "1191382820350873610",
      "fechou_ticket": "851160592633954344",
      "assumido": "851160592633954344",
      "motivo": "QUANTOS RS E O NITRO",
      "codigo": "332EC5"
    }
  ],
  "1169036742427431043": [
    {
      "dono_ticket": "1169036742427431043",
      "fechou_ticket": "851160592633954344",
      "assumido": "851160592633954344",
      "motivo": "asd",
      "codigo": "FECED9"
    }
  ],
  "768981457543626784": [
    {
      "dono_ticket": "768981457543626784",
      "fechou_ticket": "851160592633954344",
      "assumido": "Ninguem Assumiu",
      "motivo": "Parceria",
      "codigo": "EAFFBF"
    }
  ],
  "1023303520851611700": [
    {
      "dono_ticket": "1023303520851611700",
      "fechou_ticket": "851160592633954344",
      "assumido": "851160592633954344",
      "motivo": "bot gerador nitro",
      "codigo": "E15DD0"
    }
  ],
  "884630446930010132": [
    {
      "dono_ticket": "884630446930010132",
      "fechou_ticket": "851160592633954344",
      "assumido": "851160592633954344",
      "motivo": "lista iptv",
      "codigo": "636FAC"
    }
  ],
  "1198281838590955590": [
    {
      "dono_ticket": "1198281838590955590",
      "fechou_ticket": "851160592633954344",
      "assumido": "851160592633954344",
      "motivo": "O gerador está gerando as mesmas contas",
      "codigo": "922FFA"
    }
  ],
  "1199815826082107436": [
    {
      "dono_ticket": "1199815826082107436",
      "fechou_ticket": "851160592633954344",
      "assumido": "851160592633954344",
      "motivo": "pergunta",
      "codigo": "16FBFD"
    }
  ],
  "1077284365450612866": [
    {
      "dono_ticket": "1077284365450612866",
      "fechou_ticket": "851160592633954344",
      "assumido": "851160592633954344",
      "motivo": "Source",
      "codigo": "CB0FA2"
    }
  ],
  "696841799318241304": [
    {
      "dono_ticket": "696841799318241304",
      "fechou_ticket": "851160592633954344",
      "assumido": "Ninguem Assumiu",
      "motivo": "gEN PREMIUM",
      "codigo": "FEE9CC"
    }
  ],
  "899694634018697227": [
    {
      "dono_ticket": "899694634018697227",
      "fechou_ticket": "851160592633954344",
      "assumido": "851160592633954344",
      "motivo": "bot gera nitro",
      "codigo": "696320"
    }
  ],
  "1214213960317009980": [
    {
      "dono_ticket": "1214213960317009980",
      "fechou_ticket": "1214213960317009980",
      "assumido": "1214213960317009980",
      "motivo": "ts",
      "codigo": "4ECCE8"
    },
    {
      "dono_ticket": "1214213960317009980",
      "fechou_ticket": "1214213960317009980",
      "assumido": "Ninguem Assumiu",
      "motivo": "ts",
      "codigo": "F7EFCA"
    }
  ]
}