{
    "sistema": true,
    "colorOfice": "#FFFF00",
    "status": {
        "texto": "Ajudando Pessoas",
        "presence": "online"
    },
    "buttonsColor": "Danger",
    "channelLogs": "",
    "channelFeedbacks": "",
    "ticket": {
        "title": "",
        "description": "",
        "miniatura": "",
        "banner": "",
        "button": {
            "name": "Suporte",
            "color": "Vermelho",
            "emoji": "1242109060518772847"
        }
    },
    "ticketDentro": {
        "title": "",
        "description": "- **Informações:**\n - **ID DO TICKET:** `#ID`\n - **QUEM ABRIU O TICKET:** #USER\n - **QUEM ASSUMIU O TICKET:** #STAFF",
        "miniatura": "",
        "banner": ""
    },
    "payments": {
        "sistema": true,
        "pix": "",
        "qrcode": ""
    },
    "cargoSuportt": ""
}